Date,Volume
18-05-2017,21056800
19-05-2017,34483200
20-05-2017,37919700
21-05-2017,36863600
22-05-2017,26580100
23-05-2017,24127600
24-05-2017,45099500
25-05-2017,30627700
26-05-2017,26814400
27-05-2017,21460800
28-05-2017,15029300
29-05-2017,23613300
30-05-2017,32497700
31-05-2017,34707300
01-06-2017,26229400
02-06-2017,21777700
03-06-2017,30901200
04-06-2017,47236500
05-06-2017,83308096
06-06-2017,79011800
07-06-2017,49199900
08-06-2017,54736300
09-06-2017,83641104
10-06-2017,43665700
11-06-2017,13345200
12-06-2017,17552800
13-06-2017,35221400
14-06-2017,38491500
15-06-2017,25267100
16-06-2017,26990000
17-06-2017,13600700
18-06-2017,11416800
19-06-2017,5914570
20-06-2017,16419000
21-06-2017,14188900
22-06-2017,11641300
23-06-2017,26456900
24-06-2017,15585700
25-06-2017,18127500
26-06-2017,11272500
27-06-2017,13033000
28-06-2017,7845880
29-06-2017,18192700
30-06-2017,30177900
01-07-2017,12545400
02-07-2017,16677200
03-07-2017,8603620
04-07-2017,12948500
05-07-2017,15655500
06-07-2017,19817200
07-07-2017,18797000
08-07-2017,16834200
09-07-2017,8535470
10-07-2017,24205600
11-07-2017,30450100
12-07-2017,15838900
13-07-2017,45783200
14-07-2017,58945000
15-07-2017,29589200
16-07-2017,15727500
17-07-2017,11905600
18-07-2017,41518800
19-07-2017,32222500
20-07-2017,18931800
21-07-2017,25233200
22-07-2017,29850100
23-07-2017,15273000
24-07-2017,15151600
25-07-2017,30930100
26-07-2017,25442200
27-07-2017,18601700
28-07-2017,8748030
29-07-2017,22946500
30-07-2017,15375600
31-07-2017,9194440
01-08-2017,11763000
02-08-2017,12364100
03-08-2017,13340100
04-08-2017,14529600
05-08-2017,15181800
06-08-2017,7009320
07-08-2017,6491650
08-08-2017,18898700
09-08-2017,32915500
10-08-2017,16427700
11-08-2017,32431300
12-08-2017,16989800
13-08-2017,11675900
14-08-2017,12415200
15-08-2017,17264200
16-08-2017,30864900
17-08-2017,37567900
18-08-2017,39173000
19-08-2017,23823100
20-08-2017,20856700
21-08-2017,15207600
22-08-2017,22315100
23-08-2017,16574200
24-08-2017,15092300
25-08-2017,9883640
26-08-2017,16410500
27-08-2017,15185200
28-08-2017,11676600
29-08-2017,12302500
30-08-2017,12528300
31-08-2017,13942900
01-09-2017,8036550
02-09-2017,7860650
03-09-2017,33054400
04-09-2017,55629100
05-09-2017,43962800
06-09-2017,23245700
07-09-2017,24866800
08-09-2017,19982500
09-09-2017,18718600
10-09-2017,15264300
11-09-2017,18200800
12-09-2017,18880300
13-09-2017,72843904
14-09-2017,97638704
15-09-2017,81773504
16-09-2017,38421000
17-09-2017,23469700
18-09-2017,30085100
19-09-2017,18658300
20-09-2017,24051100
21-09-2017,29924600
22-09-2017,33544600
23-09-2017,24621700
24-09-2017,24782500
25-09-2017,33582700
26-09-2017,106794000
27-09-2017,44399000
28-09-2017,44352200
29-09-2017,32213400
30-09-2017,26605200
01-10-2017,23348200
02-10-2017,29128500
03-10-2017,30612100
04-10-2017,40783700
05-10-2017,26594300
06-10-2017,22516400
07-10-2017,24435300
08-10-2017,21604200
09-10-2017,17145200
10-10-2017,27791300
11-10-2017,21115100
12-10-2017,17201900
13-10-2017,15206200
14-10-2017,42744400
15-10-2017,49732500
16-10-2017,56552400
17-10-2017,28153700
18-10-2017,27363100
19-10-2017,25200800
20-10-2017,18270500
21-10-2017,23876700
22-10-2017,12284200
23-10-2017,19527000
24-10-2017,16400000
25-10-2017,14200400
26-10-2017,11496200
27-10-2017,13619400
28-10-2017,44013900
29-10-2017,13949300
30-10-2017,25213700
31-10-2017,40465700
01-11-2017,50461300
02-11-2017,41383000
03-11-2017,41302400
04-11-2017,28918900
05-11-2017,17825900
06-11-2017,22067900
07-11-2017,59178200
08-11-2017,67770800
09-11-2017,33963900
10-11-2017,32585200
11-11-2017,31421500
12-11-2017,22612300
13-11-2017,11970100
14-11-2017,21516100
15-11-2017,21497200
16-11-2017,57008000
17-11-2017,52732000
18-11-2017,18456700
19-11-2017,17130100
20-11-2017,18438100
21-11-2017,22811900
22-11-2017,40073700
23-11-2017,35866900
24-11-2017,25730000
25-11-2017,17274900
26-11-2017,16040900
27-11-2017,21699400
28-11-2017,23009600
29-11-2017,22672000
30-11-2017,22877200
01-12-2017,26272600
02-12-2017,23146600
03-12-2017,12493500
04-12-2017,19649200
05-12-2017,20034200
06-12-2017,18467400
07-12-2017,30086400
08-12-2017,21643500
09-12-2017,28882000
10-12-2017,16365200
11-12-2017,12387900
12-12-2017,31181800
13-12-2017,31719000
14-12-2017,22562000
15-12-2017,24805400
16-12-2017,20429800
17-12-2017,12939000
18-12-2017,15021500
19-12-2017,18364700
20-12-2017,24978000
21-12-2017,23847900
22-12-2017,17036000
23-12-2017,21448700
24-12-2017,13957200
25-12-2017,28943700
26-12-2017,38574000
27-12-2017,21469200
28-12-2017,18936500
29-12-2017,33818600
30-12-2017,18815300
31-12-2017,12535500
01-01-2018,18494100
02-01-2018,21223400
03-01-2018,23929100
04-01-2018,29587200
05-01-2018,29064400
06-01-2018,27445500
07-01-2018,19790500
08-01-2018,15019100
09-01-2018,20892300
10-01-2018,19282600
11-01-2018,27180100
12-01-2018,24413700
13-01-2018,16329400
14-01-2018,11089700
15-01-2018,11134300
16-01-2018,16780300
17-01-2018,14241900
18-01-2018,15499400
19-01-2018,15108900
20-01-2018,27003000
21-01-2018,14605000
22-01-2018,11508000
23-01-2018,14423900
24-01-2018,16425000
25-01-2018,18837000
26-01-2018,13829600
27-01-2018,14805000
28-01-2018,14098600
29-01-2018,14730800
30-01-2018,26090500
31-01-2018,20459000
01-02-2018,17752400
02-02-2018,14728100
03-02-2018,18056500
04-02-2018,11131500
05-02-2018,13318400
06-02-2018,23378400
07-02-2018,28353100
08-02-2018,15904800
09-02-2018,14416000
10-02-2018,14017700
11-02-2018,13305300
12-02-2018,12165900
13-02-2018,19912100
14-02-2018,41612000
15-02-2018,43858400
16-02-2018,30980200
17-02-2018,23965300
18-02-2018,20608100
19-02-2018,10600900
20-02-2018,17692500
21-02-2018,15108700
22-02-2018,17344900
23-02-2018,16133100
24-02-2018,13983500
25-02-2018,20488600
26-02-2018,15137600
27-02-2018,34742900
28-02-2018,44533800
01-03-2018,27029800
02-03-2018,21551900
03-03-2018,19033800
04-03-2018,15620400
05-03-2018,44156100
06-03-2018,49154800
07-03-2018,28857600
08-03-2018,36980200
09-03-2018,40301200
10-03-2018,100390000
11-03-2018,41109900
12-03-2018,56405000
13-03-2018,62053900
14-03-2018,28727200
15-03-2018,27486600
16-03-2018,49482600
17-03-2018,27591400
18-03-2018,25187100
19-03-2018,15332500
20-03-2018,22711400
21-03-2018,22930700
22-03-2018,19389800
23-03-2018,18531300
24-03-2018,37199400
25-03-2018,20662200
26-03-2018,16032300
27-03-2018,30592000
28-03-2018,25453600
29-03-2018,24672600
30-03-2018,21635800
31-03-2018,23629100
01-04-2018,18995000
02-04-2018,17722200
03-04-2018,21474100
04-04-2018,21908700
05-04-2018,20128000
06-04-2018,18792100
07-04-2018,42484800
08-04-2018,58533000
09-04-2018,23789600
10-04-2018,20979400
11-04-2018,25433900
12-04-2018,26815400
13-04-2018,27685500
14-04-2018,27091200
15-04-2018,19321100
16-04-2018,29717000
17-04-2018,21617900
18-04-2018,42147200
19-04-2018,60869200
20-04-2018,32275000
21-04-2018,23173800
22-04-2018,23205900
23-04-2018,18406600
24-04-2018,59220700
25-04-2018,61089200
26-04-2018,31808000
27-04-2018,21905400
28-04-2018,31336600
29-04-2018,17142500
30-04-2018,19412600
01-05-2018,20710700
02-05-2018,20575200
03-05-2018,18760400
04-05-2018,17482000
05-05-2018,20962400
06-05-2018,20671400
07-05-2018,25473700
08-05-2018,21192200
09-05-2018,26879200
10-05-2018,23635700
11-05-2018,21215500
12-05-2018,19224700
13-05-2018,17962600
14-05-2018,18478800
15-05-2018,20997800
16-05-2018,19177800
17-05-2018,20144200
18-05-2018,18935400
19-05-2018,20242200
20-05-2018,12712600
21-05-2018,14444700
22-05-2018,19678800
23-05-2018,25009300
24-05-2018,17254100
25-05-2018,25097800
26-05-2018,22363600
27-05-2018,13724100
28-05-2018,14179900
29-05-2018,24713000
30-05-2018,22691300
31-05-2018,19743500
01-06-2018,20488800
02-06-2018,19677900
03-06-2018,16482700
04-06-2018,12999000
05-06-2018,23335900
06-06-2018,27535100
07-06-2018,22999200
08-06-2018,18515300
09-06-2018,17353100
10-06-2018,15912700
11-06-2018,16827300
12-06-2018,17388300
13-06-2018,28198500
14-06-2018,27462600
15-06-2018,25223500
16-06-2018,35901500
17-06-2018,43199600
18-06-2018,22434300
19-06-2018,25258800
20-06-2018,30889800
21-06-2018,25637300
22-06-2018,37808600
23-06-2018,29442500
24-06-2018,25942400
25-06-2018,45717100
26-06-2018,32108800
27-06-2018,46331800
28-06-2018,50808100
29-06-2018,64495900
30-06-2018,78305000
01-07-2018,48598100
02-07-2018,37001100
03-07-2018,101918000
04-07-2018,206162000
05-07-2018,263900000
06-07-2018,151824992
07-07-2018,122687000
08-07-2018,56625100
09-07-2018,51817600
10-07-2018,68224400
11-07-2018,95797904
12-07-2018,107070000
13-07-2018,78477800
14-07-2018,52003000
15-07-2018,38612000
16-07-2018,44213100
17-07-2018,47980100
18-07-2018,51001600
19-07-2018,43783800
20-07-2018,45011100
21-07-2018,53152900
22-07-2018,28200500
23-07-2018,23439400
24-07-2018,27478900
25-07-2018,29362600
26-07-2018,41666900
27-07-2018,106105000
28-07-2018,55179100
29-07-2018,36816600
30-07-2018,40409300
31-07-2018,71701600
01-08-2018,60452200
02-08-2018,54160500
03-08-2018,50714900
04-08-2018,35784100
05-08-2018,66282200
06-08-2018,77762000
07-08-2018,63455800
08-08-2018,57801400
09-08-2018,90917200
10-08-2018,52138900
11-08-2018,110944000
12-08-2018,131969000
13-08-2018,55050600
14-08-2018,130496000
15-08-2018,83121104
16-08-2018,107944000
17-08-2018,47978400
18-08-2018,60220100
19-08-2018,47892700
20-08-2018,75409400
21-08-2018,77639696
22-08-2018,50840400
23-08-2018,47161400
24-08-2018,57157200
25-08-2018,39078500
26-08-2018,116166000
27-08-2018,53591200
28-08-2018,49638600
29-08-2018,51596500
30-08-2018,46889400
31-08-2018,45996600
01-09-2018,36278900
02-09-2018,30096600
03-09-2018,39633800
04-09-2018,38477500
05-09-2018,34522600
06-09-2018,34042500
07-09-2018,87562200
08-09-2018,56993000
09-09-2018,32278000
10-09-2018,35995900
11-09-2018,40450000
12-09-2018,115607000
13-09-2018,173888000
14-09-2018,43945500
15-09-2018,153351008
16-09-2018,120352000
17-09-2018,45319600
18-09-2018,54403900
19-09-2018,46819800
20-09-2018,121720000
21-09-2018,68338000
22-09-2018,91546600
23-09-2018,56247400
24-09-2018,54824800
25-09-2018,59062400
26-09-2018,58147000
27-09-2018,47424400
28-09-2018,59247900
29-09-2018,86125296
30-09-2018,30284400
01-10-2018,37894300
02-10-2018,51656700
03-10-2018,40378700
04-10-2018,45933400
05-10-2018,69285504
06-10-2018,43825000
07-10-2018,49249300
08-10-2018,37076300
09-10-2018,47671100
10-10-2018,55318500
11-10-2018,85130896
12-10-2018,74375600
13-10-2018,67042800
14-10-2018,61911700
15-10-2018,74469800
16-10-2018,74070496
17-10-2018,73093104
18-10-2018,83193600
19-10-2018,76752600
20-10-2018,55711300
21-10-2018,93992096
22-10-2018,89820704
23-10-2018,85385200
24-10-2018,85244896
25-10-2018,67743696
26-10-2018,70798000
27-10-2018,61486000
28-10-2018,41893600
29-10-2018,53033400
30-10-2018,60694700
31-10-2018,74895800
01-11-2018,74955296
02-11-2018,100484000
03-11-2018,90856096
04-11-2018,135384992
05-11-2018,91212496
06-11-2018,85762400
07-11-2018,70311696
08-11-2018,70012304
09-11-2018,81022896
10-11-2018,73969696
11-11-2018,92712896
12-11-2018,74322800
13-11-2018,95259400
14-11-2018,66781700
15-11-2018,65185800
16-11-2018,83528600
17-11-2018,104940000
18-11-2018,58423000
19-11-2018,45947900
20-11-2018,61655400
21-11-2018,66813300
22-11-2018,61444200
23-11-2018,68346704
24-11-2018,52560000
25-11-2018,44650400
26-11-2018,71229400
27-11-2018,68522800
28-11-2018,75411504
29-11-2018,66034100
30-11-2018,60215200
01-12-2018,51235700
02-12-2018,45681200
03-12-2018,38053700
04-12-2018,50634300
05-12-2018,60718000
06-12-2018,59091000
07-12-2018,57858600
08-12-2018,63454700
09-12-2018,49792700
10-12-2018,73478600
11-12-2018,50747500
12-12-2018,70728800
13-12-2018,69060400
14-12-2018,45281000
15-12-2018,54801500
16-12-2018,39392800
17-12-2018,52125900
18-12-2018,55670900
19-12-2018,52810500
20-12-2018,72890096
21-12-2018,68204704
22-12-2018,58804400
23-12-2018,50485400
24-12-2018,68198400
25-12-2018,87091800
26-12-2018,78971904
27-12-2018,93564896
28-12-2018,74064704
29-12-2018,49258500
30-12-2018,69322600
31-12-2018,40660100
01-01-2019,92127000
02-01-2019,59366400
03-01-2019,50407300
04-01-2019,50440800
05-01-2019,72796800
06-01-2019,38364500
07-01-2019,40315000
08-01-2019,55493100
09-01-2019,58956100
10-01-2019,50605200
11-01-2019,59849300
12-01-2019,60845000
13-01-2019,37209000
14-01-2019,28514000
15-01-2019,59171500
16-01-2019,64100300
17-01-2019,86850096
18-01-2019,96027400
19-01-2019,81987904
20-01-2019,42762300
21-01-2019,39657600
22-01-2019,50582500
23-01-2019,65783100
24-01-2019,65231000
25-01-2019,65203800
26-01-2019,164780992
27-01-2019,181199008
28-01-2019,148736992
29-01-2019,87958704
30-01-2019,138450000
31-01-2019,86061800
01-02-2019,60378200
02-02-2019,122020000
03-02-2019,94925296
04-02-2019,68874096
05-02-2019,72138896
06-02-2019,107770000
07-02-2019,80265800
08-02-2019,71301000
09-02-2019,66991900
10-02-2019,82357000
11-02-2019,277084992
12-02-2019,243295008
13-02-2019,186694000
14-02-2019,99223800
15-02-2019,271633984
16-02-2019,363320992
17-02-2019,252718000
18-02-2019,136184992
19-02-2019,174511008
20-02-2019,309944000
21-02-2019,266392992
22-02-2019,253462000
23-02-2019,224316992
24-02-2019,126656000
25-02-2019,109225000
26-02-2019,122134000
27-02-2019,138384992
28-02-2019,142456000
01-03-2019,138980000
02-03-2019,134431008
03-03-2019,112354000
04-03-2019,129512000
05-03-2019,92008400
06-03-2019,130476000
07-03-2019,134960992
08-03-2019,258091008
09-03-2019,141970000
10-03-2019,180536000
11-03-2019,102532000
12-03-2019,107910000
13-03-2019,138172992
14-03-2019,131449000
15-03-2019,98511400
16-03-2019,81673104
17-03-2019,50330200
18-03-2019,74407904
19-03-2019,69465000
20-03-2019,61203300
21-03-2019,94636400
22-03-2019,60491800
23-03-2019,134169000
24-03-2019,69532200
25-03-2019,118184000
26-03-2019,78176496
27-03-2019,225135008
28-03-2019,147460992
29-03-2019,86428400
30-03-2019,60703500
31-03-2019,38456100
01-04-2019,110818000
02-04-2019,121887000
03-04-2019,330932992
04-04-2019,207982000
05-04-2019,125292000
06-04-2019,66127900
07-04-2019,80797296
08-04-2019,82398400
09-04-2019,61194100
10-04-2019,92228096
11-04-2019,102905000
12-04-2019,74514400
13-04-2019,69218000
14-04-2019,43563000
15-04-2019,60851100
16-04-2019,57262300
17-04-2019,58405200
18-04-2019,54443000
19-04-2019,59896600
20-04-2019,50631600
21-04-2019,45301400
22-04-2019,38299400
23-04-2019,72844000
24-04-2019,85349200
25-04-2019,56328200
26-04-2019,136130000
27-04-2019,48856800
28-04-2019,59698300
29-04-2019,86301600
30-04-2019,110398000
01-05-2019,70342400
02-05-2019,75840896
03-05-2019,76923400
04-05-2019,79910800
05-05-2019,159014000
06-05-2019,97942896
07-05-2019,82446800
08-05-2019,78529104
09-05-2019,75032400
10-05-2019,86713000
11-05-2019,64550200
12-05-2019,45016800
13-05-2019,73610800
14-05-2019,72812304
15-05-2019,86920600
16-05-2019,47877700
17-05-2019,59464600
18-05-2019,64963400
19-05-2019,37140300
20-05-2019,48679400
21-05-2019,54796400
22-05-2019,72710896
23-05-2019,82776200
24-05-2019,67085300
25-05-2019,51067000
26-05-2019,35359500
27-05-2019,33977800
28-05-2019,59153800
29-05-2019,49422400
30-05-2019,48722600
31-05-2019,55658600
01-06-2019,56122400
02-06-2019,56357000
03-06-2019,39249800
04-06-2019,46798300
05-06-2019,49801600
06-06-2019,68077504
07-06-2019,56812100
08-06-2019,64071400
09-06-2019,42345900
10-06-2019,39243400
11-06-2019,67481104
12-06-2019,103590000
13-06-2019,92370200
14-06-2019,61620700
15-06-2019,58144600
16-06-2019,39035400
17-06-2019,40298100
18-06-2019,58063600
19-06-2019,65546700
20-06-2019,69381696
21-06-2019,56957300
22-06-2019,55951000
23-06-2019,78556496
24-06-2019,54474600
25-06-2019,62218200
26-06-2019,90378800
27-06-2019,88877104
28-06-2019,96105296
29-06-2019,81145504
30-06-2019,134760992
01-07-2019,100665000
02-07-2019,97064400
03-07-2019,130527000
04-07-2019,84865200
05-07-2019,172808000
06-07-2019,99907696
07-07-2019,53752300
08-07-2019,59902200
09-07-2019,65047100
10-07-2019,79660800
11-07-2019,132429000
12-07-2019,68807800
13-07-2019,63119700
14-07-2019,64622500
15-07-2019,80318096
16-07-2019,62993000
17-07-2019,72038496
18-07-2019,141294000
19-07-2019,108579000
20-07-2019,87363104
21-07-2019,110608000
22-07-2019,154116000
23-07-2019,60802400
24-07-2019,129906000
25-07-2019,76543800
26-07-2019,85919296
27-07-2019,67807600
28-07-2019,54962700
29-07-2019,52601800
30-07-2019,61888600
31-07-2019,68511104
01-08-2019,84070800
02-08-2019,80461904
03-08-2019,127605000
04-08-2019,69547296
05-08-2019,60557900
06-08-2019,106363000
07-08-2019,116218000
08-08-2019,96426096
09-08-2019,80111904
10-08-2019,68705296
11-08-2019,53843100
12-08-2019,57313400
13-08-2019,76571000
14-08-2019,81645600
15-08-2019,75979000
16-08-2019,81580096
17-08-2019,83608200
18-08-2019,78989800
19-08-2019,60524400
20-08-2019,74886400
21-08-2019,99629296
22-08-2019,155576000
23-08-2019,200027008
24-08-2019,275564000
25-08-2019,137727008
26-08-2019,143664992
27-08-2019,123771000
28-08-2019,167308000
29-08-2019,236630000
30-08-2019,199320000
31-08-2019,187474000
01-09-2019,99135104
02-09-2019,147775008
03-09-2019,222184992
04-09-2019,185168000
05-09-2019,344945984
06-09-2019,510199008
07-09-2019,351876000
08-09-2019,279550016
09-09-2019,158715008
10-09-2019,141876992
11-09-2019,115808000
12-09-2019,310928992
13-09-2019,222326000
14-09-2019,168968000
15-09-2019,93063296
16-09-2019,71013600
17-09-2019,82755200
18-09-2019,155095008
19-09-2019,225676992
20-09-2019,105625000
21-09-2019,86728400
22-09-2019,111158000
23-09-2019,116573000
24-09-2019,73588600
25-09-2019,111349000
26-09-2019,120831000
27-09-2019,131958000
28-09-2019,125594000
29-09-2019,68979600
30-09-2019,60851700
01-10-2019,78227296
02-10-2019,164582000
03-10-2019,150110000
04-10-2019,145820992
05-10-2019,201278000
06-10-2019,155064000
07-10-2019,114208000
08-10-2019,111762000
09-10-2019,146007008
10-10-2019,201855008
11-10-2019,407220000
12-10-2019,190452000
13-10-2019,102261000
14-10-2019,67530000
15-10-2019,100607000
16-10-2019,137946000
17-10-2019,89759400
18-10-2019,122277000
19-10-2019,136474000
20-10-2019,99073504
21-10-2019,77423296
22-10-2019,109478000
23-10-2019,186868992
24-10-2019,136100000
25-10-2019,189454000
26-10-2019,330759008
27-10-2019,139960992
28-10-2019,116486000
29-10-2019,131570000
30-10-2019,184956000
31-10-2019,229056992
01-11-2019,368275008
02-11-2019,315739008
03-11-2019,183270000
04-11-2019,134127000
05-11-2019,153656992
06-11-2019,291256000
07-11-2019,332603008
08-11-2019,212283008
09-11-2019,563795968
10-11-2019,283320000
11-11-2019,227176000
12-11-2019,380276992
13-11-2019,245306000
14-11-2019,297804992
15-11-2019,638568000
16-11-2019,706598976
17-11-2019,621302016
18-11-2019,406648000
19-11-2019,286529984
20-11-2019,337391008
21-11-2019,380840992
22-11-2019,248540000
23-11-2019,491038016
24-11-2019,435803008
25-11-2019,303668000
26-11-2019,372535008
27-11-2019,326332000
28-11-2019,298457984
29-11-2019,352968992
30-11-2019,447287008
01-12-2019,289633984
02-12-2019,514187008
03-12-2019,580444032
04-12-2019,436310016
05-12-2019,414784000
06-12-2019,511222016
07-12-2019,317022016
08-12-2019,209312000
09-12-2019,242343008
10-12-2019,215883008
11-12-2019,216182000
12-12-2019,288702016
13-12-2019,351968992
14-12-2019,254827008
15-12-2019,203559008
16-12-2019,183231008
17-12-2019,253206000
18-12-2019,270524000
19-12-2019,288060992
20-12-2019,315108000
21-12-2019,272167008
22-12-2019,249320000
23-12-2019,258951008
24-12-2019,235806000
25-12-2019,242556000
26-12-2019,329631008
27-12-2019,449196992
28-12-2019,527488992
29-12-2019,422705984
30-12-2019,413115008
31-12-2019,713624000
01-01-2020,477337984
02-01-2020,583795968
03-01-2020,933548992
04-01-2020,946035968
05-01-2020,582529984
06-01-2020,1080029952
07-01-2020,1340320000
08-01-2020,1167920000
09-01-2020,915723008
10-01-2020,799489984
11-01-2020,740984000
12-01-2020,579635008
13-01-2020,437196000
14-01-2020,731529024
15-01-2020,959044992
16-01-2020,1064729984
17-01-2020,894321024
18-01-2020,1157289984
19-01-2020,961336000
20-01-2020,1147859968
21-01-2020,1942220032
22-01-2020,1378749952
23-01-2020,1725379968
24-01-2020,2406700032
25-01-2020,1763480064
26-01-2020,1700480000
27-01-2020,1147139968
28-01-2020,994625024
29-01-2020,1443970048
30-01-2020,1544829952
31-01-2020,1653180032
01-02-2020,1317030016
02-02-2020,1514950016
03-02-2020,1355120000
04-02-2020,1369309952
05-02-2020,2089609984
06-02-2020,1517709952
07-02-2020,1281170048
08-02-2020,1348950016
09-02-2020,2018889984
10-02-2020,1752400000
11-02-2020,2569530112
12-02-2020,1781200000
13-02-2020,1696560000
14-02-2020,2026259968
15-02-2020,1195190016
16-02-2020,1534509952
17-02-2020,1178659968
18-02-2020,1446840064
19-02-2020,1854189952
20-02-2020,1626579968
21-02-2020,1097939968
22-02-2020,961318976
23-02-2020,982750016
24-02-2020,1161100032
25-02-2020,1663280000
26-02-2020,1489789952
27-02-2020,1183869952
28-02-2020,949979008
29-02-2020,860273024
01-03-2020,779913984
02-03-2020,803747008
03-03-2020,964112000
04-03-2020,985516032
05-03-2020,941566016
06-03-2020,761956992
07-03-2020,917411968
08-03-2020,733329984
09-03-2020,527856000
10-03-2020,1111200000
11-03-2020,1329760000
12-03-2020,1117410048
13-03-2020,835769984
14-03-2020,882502976
15-03-2020,993608000
16-03-2020,1182870016
17-03-2020,1201760000
18-03-2020,1512450048
19-03-2020,1245100032
20-03-2020,2249260032
21-03-2020,1489449984
22-03-2020,1177129984
23-03-2020,1072840000
24-03-2020,866473984
25-03-2020,1460089984
26-03-2020,937404032
27-03-2020,789104000
28-03-2020,1380099968
29-03-2020,803745984
30-03-2020,705942976
31-03-2020,860574976
01-04-2020,1324669952
02-04-2020,1094950016
03-04-2020,804796992
04-04-2020,1002120000
05-04-2020,1945699968
06-04-2020,1105030016
07-04-2020,1482279936
08-04-2020,1752760064
09-04-2020,1468960000
10-04-2020,1515110016
11-04-2020,2021190016
12-04-2020,2219589888
13-04-2020,3159089920
14-04-2020,2463089920
15-04-2020,3258050048
16-04-2020,2272039936
17-04-2020,2553359872
18-04-2020,2941710080
19-04-2020,2975820032
20-04-2020,2109769984
21-04-2020,2800890112
22-04-2020,3764239872
23-04-2020,2369819904
24-04-2020,2037750016
25-04-2020,1727970048
26-04-2020,1511609984
27-04-2020,1537459968
28-04-2020,1959330048
29-04-2020,2486080000
30-04-2020,1937849984
01-05-2020,1944930048
02-05-2020,2599079936
03-05-2020,2722139904
04-05-2020,1933190016
05-05-2020,2987330048
06-05-2020,2697969920
07-05-2020,2172100096
08-05-2020,1844620032
09-05-2020,2700890112
10-05-2020,1386230016
11-05-2020,1679090048
12-05-2020,1557330048
13-05-2020,1864530048
14-05-2020,2219409920
15-05-2020,2716310016
16-05-2020,4148069888
17-05-2020,1818400000
18-05-2020,1239149952
19-05-2020,1943209984
20-05-2020,1563980032
21-05-2020,1213830016
22-05-2020,1411480064
23-05-2020,1194829952
24-05-2020,928113984
25-05-2020,768014976
26-05-2020,1374210048
27-05-2020,1043740032
28-05-2020,1686880000
29-05-2020,1712320000
30-05-2020,1367049984
31-05-2020,1207449984
01-06-2020,1208210048
02-06-2020,1431730048
03-06-2020,1288019968
04-06-2020,1116770048
05-06-2020,1161769984
06-06-2020,1069939968
07-06-2020,906928000
08-06-2020,1313869952
09-06-2020,1968739968
10-06-2020,1597139968
11-06-2020,1222279936
12-06-2020,2791610112
13-06-2020,3615480064
14-06-2020,1669030016
15-06-2020,1976039936
16-06-2020,2008070016
17-06-2020,1821570048
18-06-2020,2399269888
19-06-2020,1780540032
20-06-2020,2354429952
21-06-2020,2207099904
22-06-2020,2034630016
23-06-2020,2401840128
24-06-2020,2735699968
25-06-2020,1966989952
26-06-2020,1905040000
27-06-2020,1710130048
28-06-2020,1403920000
29-06-2020,2859040000
30-06-2020,1772150016
01-07-2020,2311379968
02-07-2020,2870320128
03-07-2020,4653770240
04-07-2020,3369860096
05-07-2020,2483800064
06-07-2020,2380410112
07-07-2020,3111899904
08-07-2020,2326340096
09-07-2020,4602200064
10-07-2020,3226249984
11-07-2020,5208249856
12-07-2020,4908680192
13-07-2020,8957349888
14-07-2020,6263249920
15-07-2020,3197110016
16-07-2020,4200880128
17-07-2020,5123809792
18-07-2020,4651670016
19-07-2020,3667190016
20-07-2020,3149319936
21-07-2020,3488450048
22-07-2020,4277609984
23-07-2020,3633530112
24-07-2020,4225179904
25-07-2020,5058610176
26-07-2020,4342060032
27-07-2020,5475579904
28-07-2020,5653320192
29-07-2020,6348819968
30-07-2020,11568799744
31-07-2020,8310689792
01-08-2020,6783119872
02-08-2020,5138500096
03-08-2020,6608309760
04-08-2020,6132409856
05-08-2020,6895260160
06-08-2020,12656300032
07-08-2020,17950699520
08-08-2020,21135998976
09-08-2020,13911300096
10-08-2020,13433299968
11-08-2020,12153900032
12-08-2020,14603799552
13-08-2020,12976900096
14-08-2020,13777399808
15-08-2020,14309999616
16-08-2020,12740599808
17-08-2020,13314599936
18-08-2020,14839499776
19-08-2020,16894499840
20-08-2020,22149699584
21-08-2020,16516599808
22-08-2020,22197999616
23-08-2020,13086000128
24-08-2020,11572299776
25-08-2020,10664699904
26-08-2020,13454300160
27-08-2020,12487600128
28-08-2020,12336499712
29-08-2020,13025500160
30-08-2020,14452599808
31-08-2020,12136299520
01-09-2020,10291200000
02-09-2020,16846600192
03-09-2020,16871900160
04-09-2020,21783199744
05-09-2020,23840899072
06-09-2020,18314600448
07-09-2020,15866000384
08-09-2020,18413899776
09-09-2020,16659999744
10-09-2020,18500800512
11-09-2020,16534099968
12-09-2020,12065699840
13-09-2020,12763599872
14-09-2020,11084099584
15-09-2020,12750799872
16-09-2020,18853799936
17-09-2020,18830600192
18-09-2020,15020399616
19-09-2020,10740400128
20-09-2020,11801700352
21-09-2020,9935179776
22-09-2020,10537400320
23-09-2020,9660609536
24-09-2020,9940989952
25-09-2020,8873169920
26-09-2020,9746199552
27-09-2020,7583269888
28-09-2020,8350360064
29-09-2020,7107359744
30-09-2020,8637859840
01-10-2020,8041160192
02-10-2020,9959400448
03-10-2020,12726899712
04-10-2020,7263790080
05-10-2020,7073549824
06-10-2020,9285289984
07-10-2020,13999800320
08-10-2020,9169280000
09-10-2020,9346750464
10-10-2020,6784820224
11-10-2020,7780960256
12-10-2020,6122189824
13-10-2020,6256439808
14-10-2020,5696719872
15-10-2020,7909819904
16-10-2020,9062540288
17-10-2020,7296159744
18-10-2020,8660880384
19-10-2020,8744009728
20-10-2020,7652089856
21-10-2020,9926540288
22-10-2020,9405339648
23-10-2020,8040079872
24-10-2020,7739500032
25-10-2020,6917929984
26-10-2020,5706939904
27-10-2020,7287690240
28-10-2020,6966179840
29-10-2020,6936189952
30-10-2020,7317279744
31-10-2020,7620590080
01-11-2020,6690570240
02-11-2020,6084149760
03-11-2020,6468539904
04-11-2020,6832169984
05-11-2020,8797910016
06-11-2020,7186089984
07-11-2020,8704190464
08-11-2020,5386319872
09-11-2020,6296370176
10-11-2020,6457399808
11-11-2020,5991139840
12-11-2020,6438230016
13-11-2020,6834429952
14-11-2020,5289379840
15-11-2020,4426149888
16-11-2020,6639190016
17-11-2020,6729110016
18-11-2020,6361789952
19-11-2020,6043129856
20-11-2020,5530390016
21-11-2020,5954120192
22-11-2020,5664600064
23-11-2020,4569880064
24-11-2020,5921039872
25-11-2020,5378250240
26-11-2020,4935289856
27-11-2020,6361229824
28-11-2020,6289509888
29-11-2020,4553269760
30-11-2020,4532100096
01-12-2020,4333440000
02-12-2020,5499700224
03-12-2020,4936000000
04-12-2020,5639320064
05-12-2020,3766810112
06-12-2020,3976610048
07-12-2020,3652499968
08-12-2020,4894060032
09-12-2020,4272750080
10-12-2020,4641889792
11-12-2020,8906250240
12-12-2020,7764460032
13-12-2020,5191430144
14-12-2020,5244480000
15-12-2020,5631309824
16-12-2020,6900879872
17-12-2020,6529909760
18-12-2020,7063209984
19-12-2020,8438110208
20-12-2020,7548550144
21-12-2020,6629899776
22-12-2020,6925190144
23-12-2020,10678800384
24-12-2020,11083100160
25-12-2020,8970559488
26-12-2020,7566289920
27-12-2020,7805479936
28-12-2020,8853000192
29-12-2020,8673920000
30-12-2020,7713019904
31-12-2020,7558159872
01-01-2021,10207299584
02-01-2021,8217829888
03-01-2021,7651939840
04-01-2021,7222280192
05-01-2021,7394019840
06-01-2021,7415869952
07-01-2021,7226890240
08-01-2021,6906699776
09-01-2021,8488520192
10-01-2021,6821380096
11-01-2021,5866379776
12-01-2021,7364149760
13-01-2021,6705710080
14-01-2021,6760220160
15-01-2021,5862530048
16-01-2021,5764190208
17-01-2021,4712399872
18-01-2021,5191059968
19-01-2021,5154990080
20-01-2021,5137010176
21-01-2021,6491120128
22-01-2021,6049220096
23-01-2021,4867829760
24-01-2021,4051539968
25-01-2021,4056519936
26-01-2021,5040600064
27-01-2021,5662660096
28-01-2021,4922540032
29-01-2021,5127130112
30-01-2021,4921460224
31-01-2021,4939299840
01-02-2021,4851760128
02-02-2021,4993169920
03-02-2021,4961739776
04-02-2021,4692259840
05-02-2021,4485799936
06-02-2021,4227579904
07-02-2021,3845220096
08-02-2021,5804839936
09-02-2021,4745269760
10-02-2021,4654380032
11-02-2021,5052349952
12-02-2021,5138710016
13-02-2021,3955389952
14-02-2021,3194170112
15-02-2021,3104019968
16-02-2021,4039200000
17-02-2021,4057029888
18-02-2021,3888640000
19-02-2021,3529129984
20-02-2021,5079810048
21-02-2021,3431360000
22-02-2021,4566909952
23-02-2021,5500810240
24-02-2021,3279759872
25-02-2021,3296219904
26-02-2021,3467800064
27-02-2021,3966230016
28-02-2021,4543860224
01-03-2021,4788259840
02-03-2021,4396930048
03-03-2021,4672309760
04-03-2021,4176689920
05-03-2021,4999240192
06-03-2021,4313959936
07-03-2021,3961080064
08-03-2021,3386210048
09-03-2021,3718129920
10-03-2021,4052430080
11-03-2021,3644859904
12-03-2021,3770170112
13-03-2021,3805400064
14-03-2021,2923670016
15-03-2021,3285459968
16-03-2021,4725799936
17-03-2021,5961950208
18-03-2021,6103410176
19-03-2021,5111629824
20-03-2021,4936869888
21-03-2021,3726609920
22-03-2021,3695460096
23-03-2021,5132480000
24-03-2021,7277689856
25-03-2021,5845400064
26-03-2021,4899089920
27-03-2021,5195879936
28-03-2021,3988750080
29-03-2021,4107190016
30-03-2021,5551400000
31-03-2021,5287530000
01-04-2021,4797620000
02-04-2021,4214110000
03-04-2021,4627150000
04-04-2021,4268390000
05-04-2021,3679110000
06-04-2021,3925900000
07-04-2021,4682800000
08-04-2021,5064430000
09-04-2021,4267040000
10-04-2021,4528680000
11-04-2021,4047850000
12-04-2021,5665250000
13-04-2021,4083980000
14-04-2021,5301700000
15-04-2021,4895450000
16-04-2021,4328420000
17-04-2021,4992990000
18-04-2021,3984520000
19-04-2021,3311170000
20-04-2021,3665100000
21-04-2021,3377180000
22-04-2021,4668110000
23-04-2021,3426180000
24-04-2021,4097820000
25-04-2021,3312600000
26-04-2021,3295500000
27-04-2021,4019000000
28-04-2021,4659940000
29-04-2021,4145880000
30-04-2021,4463250000
01-05-2021,4495650000
02-05-2021,4116050000
03-05-2021,4329540000
04-05-2021,4087760000
05-05-2021,4273640000
06-05-2021,5800460000
07-05-2021,5523470000
08-05-2021,4264680000
09-05-2021,3835060000
10-05-2021,3671890000
11-05-2021,3714100000
12-05-2021,3849910000
13-05-2021,4064230000
14-05-2021,4210910000
15-05-2021,4076220000
16-05-2021,3216300000
17-05-2021,3273730000
18-05-2021,3910780000
19-05-2021,4180090000
20-05-2021,4431340000
21-05-2021,4348110000
22-05-2021,6531940000
23-05-2021,4509660000
24-05-2021,4197500000
25-05-2021,4177310000
26-05-2021,4726180000
27-05-2021,4437300000
28-05-2021,4606810000
29-05-2021,5014430000
30-05-2021,4363690000
31-05-2021,4002280000
01-06-2021,4000970000
02-06-2021,3979260000
03-06-2021,3887310000
04-06-2021,3838410000
05-06-2021,3671500000
06-06-2021,3259740000
07-06-2021,3306630000
08-06-2021,3979460000
09-06-2021,3580810000
10-06-2021,3787650000
11-06-2021,5181640000
12-06-2021,3783500000
13-06-2021,3064030000
14-06-2021,3085320000
15-06-2021,7370770000
16-06-2021,4074800000
17-06-2021,4088420000
18-06-2021,3924080000
19-06-2021,3578870000
20-06-2021,3379130000
21-06-2021,3253610000
22-06-2021,3672860000
23-06-2021,3716150000
24-06-2021,3424670000
25-06-2021,3230550000
26-06-2021,3306050000
27-06-2021,3393250000
28-06-2021,3445190000
29-06-2021,4199910000
30-06-2021,3781100000
01-07-2021,4191240000
02-07-2021,3789400000
03-07-2021,4234870000
04-07-2021,3658640000
05-07-2021,4390020000
06-07-2021,4174800000
07-07-2021,4700040000
08-07-2021,4941260000
09-07-2021,4665260000
10-07-2021,4346820000
11-07-2021,3705320000
12-07-2021,3939060000
13-07-2021,4295770000
14-07-2021,4503800000
15-07-2021,7398940000
16-07-2021,7032140000
17-07-2021,5279320000
18-07-2021,4303150000
19-07-2021,4159680000
20-07-2021,7039560000
21-07-2021,8428290000
22-07-2021,6120120000
23-07-2021,4569370000
24-07-2021,4871490000
25-07-2021,4679500000
26-07-2021,6825640000
27-07-2021,6476900000
28-07-2021,5998720000
29-07-2021,7280280000
30-07-2021,6503347767
31-07-2021,6048016717
01-08-2021,5375314093
02-08-2021,5262697895
03-08-2021,5089570994
04-08-2021,5028069239
05-08-2021,5302481574
06-08-2021,5878333109
07-08-2021,6835615448
08-08-2021,5305024497
09-08-2021,4947372847
10-08-2021,5020968740
11-08-2021,4696765188
12-08-2021,4139364829
13-08-2021,4343372456
14-08-2021,4372763663
15-08-2021,3551763561
16-08-2021,3744248994
17-08-2021,5409247918
18-08-2021,5911325473
19-08-2021,6810689119
20-08-2021,8927129279
21-08-2021,7206015706
22-08-2021,5605823233
23-08-2021,6151275490
24-08-2021,7240968501
25-08-2021,6158207293
26-08-2021,5326547918
27-08-2021,5130222366
28-08-2021,5631554348
29-08-2021,4991655917
30-08-2021,4770578575
31-08-2021,4661840806
01-09-2021,4324200990
02-09-2021,5244856836
03-09-2021,4530215219
04-09-2021,4847965467
05-09-2021,5137609824
06-09-2021,5597027440
07-09-2021,5228625637
08-09-2021,5306593305
09-09-2021,5115905225
10-09-2021,6874143796
11-09-2021,5538712865
12-09-2021,4778170883
13-09-2021,4681302466
14-09-2021,5651384490
15-09-2021,5537192302
16-09-2021,5394457145
17-09-2021,5464420383
18-09-2021,5002961727
19-09-2021,5955691380
20-09-2021,5582489560
21-09-2021,5004347059
22-09-2021,5313623556
23-09-2021,5433755649
24-09-2021,5262869046
25-09-2021,5265847539
26-09-2021,5098183235
27-09-2021,5570752966
28-09-2021,6908930483
29-09-2021,5897159493
30-09-2021,5955112627
01-10-2021,5831198271
02-10-2021,5422926707
03-10-2021,5071623601
04-10-2021,5043937584
05-10-2021,5332718886
06-10-2021,5227549545
07-10-2021,5482196038
08-10-2021,5004962683
09-10-2021,7735623101
10-10-2021,6158833645
11-10-2021,6282256903
12-10-2021,6277056434
13-10-2021,6480384532
14-10-2021,6438903823
15-10-2021,6271044418
16-10-2021,6091952231
17-10-2021,5934744052
18-10-2021,7039512503
19-10-2021,9908216640
20-10-2021,9933626655
21-10-2021,8693373948
22-10-2021,7775128102
23-10-2021,7826525254
24-10-2021,8922258316
25-10-2021,10794227451
26-10-2021,9318796067
27-10-2021,7931218996
28-10-2021,8301309684
29-10-2021,8399767798
30-10-2021,7661247975
31-10-2021,7578786076
01-11-2021,7253558152
02-11-2021,9029175788
03-11-2021,10174126415
04-11-2021,9175291529
05-11-2021,9584165519
06-11-2021,10638638944
07-11-2021,10796103518
08-11-2021,9713267607
09-11-2021,10125901903
10-11-2021,9809887079
11-11-2021,9469184841
12-11-2021,10480789570
13-11-2021,9394210605
14-11-2021,9856166973
15-11-2021,8221625400
16-11-2021,9646954186
17-11-2021,9344919956
18-11-2021,10175916388
19-11-2021,10831212662
20-11-2021,9252935969
21-11-2021,9578850549
22-11-2021,9144851065
23-11-2021,10359818883
24-11-2021,10707678815
25-11-2021,10897131934
26-11-2021,9353915899
27-11-2021,10918665557
28-11-2021,9732688060
29-11-2021,9045122443
30-11-2021,10157794171
01-12-2021,21315047816
02-12-2021,22899891582
03-12-2021,18251810240
04-12-2021,16837325387
05-12-2021,16929795194
06-12-2021,16655416140
07-12-2021,17154113634
08-12-2021,14722104361
09-12-2021,15504590933
10-12-2021,16555616019
11-12-2021,13675206312
12-12-2021,10823289598
13-12-2021,10391952498
14-12-2021,12290155061
15-12-2021,11618660197
16-12-2021,12438480677
17-12-2021,13256489918
18-12-2021,13780238655
19-12-2021,13169647522
20-12-2021,13731844223
21-12-2021,14601631648
22-12-2021,15867308108
23-12-2021,17048033399
24-12-2021,15330283408
25-12-2021,16812108040
26-12-2021,13111274675
27-12-2021,12819992056
28-12-2021,13735490672
29-12-2021,13878964574
30-12-2021,13679528236
31-12-2021,14644460907
01-01-2022,18720780006
02-01-2022,17567780766
03-01-2022,14808830723
04-01-2022,15737171804
05-01-2022,18026409033
06-01-2022,15320605300
07-01-2022,16784645411
08-01-2022,19419875368
09-01-2022,28867562329
10-01-2022,27773333680
11-01-2022,28677672181
12-01-2022,32031452227
13-01-2022,28344112920
14-01-2022,33167197581
15-01-2022,30066644905
16-01-2022,21354286562
17-01-2022,25902422040
18-01-2022,23843404340
19-01-2022,25127245056
20-01-2022,24719473175
21-01-2022,24457107820
22-01-2022,25919126991
23-01-2022,22256813107
24-01-2022,26677970091
25-01-2022,27949839564
26-01-2022,24226919267
27-01-2022,23473479966
28-01-2022,29246528551
29-01-2022,25365190957
30-01-2022,22488303544
31-01-2022,20266216022
01-02-2022,22004511436
02-02-2022,24609731549
03-02-2022,21760923463
04-02-2022,19474611077
05-02-2022,19141423231
06-02-2022,16522722810
07-02-2022,16610726547
08-02-2022,18689275117
09-02-2022,17107279932
10-02-2022,19034432883
11-02-2022,18669407147
12-02-2022,19831162906
13-02-2022,18371033226
14-02-2022,23348550311
15-02-2022,15562951919
16-02-2022,15848210536
17-02-2022,15546809946
18-02-2022,17846823784
19-02-2022,20624008643
20-02-2022,29995204861
21-02-2022,20998326502
22-02-2022,19271652365
23-02-2022,24879684533
24-02-2022,45105733173
25-02-2022,39977475223
26-02-2022,35087757766
27-02-2022,29923961128
28-02-2022,27256473494
01-03-2022,29378589324
02-03-2022,31015895223
03-03-2022,30796494294
04-03-2022,25920294033
05-03-2022,23838480210
06-03-2022,21092024306
07-03-2022,19369044277
08-03-2022,23482551458
09-03-2022,28167921523
10-03-2022,33627574244
11-03-2022,28595327690
12-03-2022,23534692797
13-03-2022,21042616384
14-03-2022,22486000001
15-03-2022,25384047207
16-03-2022,24151199070
17-03-2022,24569921549
18-03-2022,25187024648
19-03-2022,20727426310
20-03-2022,20206615155
21-03-2022,17130580467
22-03-2022,16334414913
23-03-2022,17851916995
24-03-2022,17398734322
25-03-2022,15821952090
26-03-2022,14495714483
27-03-2022,16817809536
28-03-2022,13738687093
29-03-2022,13791445323
30-03-2022,13829811132
31-03-2022,16631520648
01-04-2022,17165337858
02-04-2022,17489094082
03-04-2022,15352685061
04-04-2022,16530894787
05-04-2022,23875988832
06-04-2022,23635107660
07-04-2022,22194988641
08-04-2022,19481591730
09-04-2022,18339989960
10-04-2022,18125355447
11-04-2022,15774371518
12-04-2022,13647198229
13-04-2022,16681503537
14-04-2022,19990838300
15-04-2022,22899115082
16-04-2022,20228207096
17-04-2022,13778035685
18-04-2022,12999813869
19-04-2022,16038264603
20-04-2022,15053082175
21-04-2022,19473084768
22-04-2022,17097508856
23-04-2022,15627023886
24-04-2022,15451030650
25-04-2022,14153856610
26-04-2022,18438654080
27-04-2022,14762609503
28-04-2022,17603790323
29-04-2022,17045878501
30-04-2022,13595263986
01-05-2022,11454806419
02-05-2022,11445355859
03-05-2022,17248102294
04-05-2022,19384917989
05-05-2022,16742664769
06-05-2022,14551239508
07-05-2022,19536574783
08-05-2022,15307366476
09-05-2022,13670567493
10-05-2022,17595943368
11-05-2022,14906809639
12-05-2022,15428063426
13-05-2022,15323563925
14-05-2022,14109864675
15-05-2022,13468713124
16-05-2022,12043433567
17-05-2022,15160167779
18-05-2022,15304603363
19-05-2022,16169268880
20-05-2022,19937691247
21-05-2022,14734189639
22-05-2022,13425266806
23-05-2022,13199651698
24-05-2022,15144925408
25-05-2022,25002886689
26-05-2022,21744728353
27-05-2022,19258205289
28-05-2022,16408941156
29-05-2022,14141152736
30-05-2022,13034629109
31-05-2022,17115474183
01-06-2022,15305343413
02-06-2022,13125712443
03-06-2022,13668823409
04-06-2022,13139456229
05-06-2022,12200497197
06-06-2022,13160830305
07-06-2022,18009742607
08-06-2022,15592264032
09-06-2022,19384942333
10-06-2022,17618660671
11-06-2022,19604381101
12-06-2022,14532641605
13-06-2022,13808286059
14-06-2022,15151387859
15-06-2022,15220412632
16-06-2022,16071646996
17-06-2022,14313052244
18-06-2022,15651592610
19-06-2022,13797825640
20-06-2022,15504249442
21-06-2022,15868748866
22-06-2022,16803377857
23-06-2022,21942878958
24-06-2022,16268708849
25-06-2022,28705065488
26-06-2022,44496255609
27-06-2022,32593129501
28-06-2022,30948255332
29-06-2022,28426779937
30-06-2022,27706531577
01-07-2022,26583653947
02-07-2022,24324691031
03-07-2022,21242676385
04-07-2022,21132220847
05-07-2022,26170255634
06-07-2022,26198609048
07-07-2022,23133895765
08-07-2022,22700383839
09-07-2022,24333037836
10-07-2022,17578630606
11-07-2022,20587919881
12-07-2022,20265510765
13-07-2022,20309769107
14-07-2022,17545755405
15-07-2022,19084739975
16-07-2022,21796856471
17-07-2022,16495389808
18-07-2022,18668638897
19-07-2022,21579470673
20-07-2022,21083613816
21-07-2022,20764300437
22-07-2022,22514243371
23-07-2022,34242315785
24-07-2022,21008924418
25-07-2022,30433517289
26-07-2022,42685231262
27-07-2022,21129505542
28-07-2022,23991412764
29-07-2022,19050116751
30-07-2022,19709695456
31-07-2022,17158194786
01-08-2022,18720708479
02-08-2022,17082040706
03-08-2022,14797485769
04-08-2022,21664240918
05-08-2022,18816085231
06-08-2022,18104466307
07-08-2022,15453520564
08-08-2022,15409908086
09-08-2022,17872021272
10-08-2022,18249031195
11-08-2022,16350490689
12-08-2022,18927080224
13-08-2022,17125736940
14-08-2022,17137029730
15-08-2022,16881129804
16-08-2022,20213265950
17-08-2022,22363804217
18-08-2022,31836522778
19-08-2022,25904604416
20-08-2022,22633815180
21-08-2022,19312552168
22-08-2022,23134537956
23-08-2022,27831788041
24-08-2022,22991622105
25-08-2022,21559505149
26-08-2022,22787010034
27-08-2022,22777360996
28-08-2022,21365673026
29-08-2022,22445257702
30-08-2022,22874131672
31-08-2022,21167946112
01-09-2022,18565664997
02-09-2022,20802083465
03-09-2022,28111481032
04-09-2022,18444271275
05-09-2022,19725074095
06-09-2022,23276261598
07-09-2022,28767291327
08-09-2022,31672559265
09-09-2022,24045990466
10-09-2022,28714583844
11-09-2022,25521165085
12-09-2022,22903438381
13-09-2022,22482910688
14-09-2022,44841784107
15-09-2022,40102834650
16-09-2022,31313981931
17-09-2022,36372139320
18-09-2022,32337772627
19-09-2022,34217320471
20-09-2022,26422375678
21-09-2022,24097418512
22-09-2022,22600204051
23-09-2022,25770680779
24-09-2022,24397913026
25-09-2022,19647331549
26-09-2022,22177678796
27-09-2022,28647338393
28-09-2022,34398744403
29-09-2022,30682598115
30-09-2022,32378792851
01-10-2022,29432489719
02-10-2022,25922656496
03-10-2022,30835736946
04-10-2022,30934096509
05-10-2022,29893183716
06-10-2022,35222060874
07-10-2022,37628823716
08-10-2022,34522718159
09-10-2022,35172043762
10-10-2022,35807884663
11-10-2022,39386548075
12-10-2022,37648059389
13-10-2022,43444303830
14-10-2022,49356071373
15-10-2022,43338264162
16-10-2022,43865054831
17-10-2022,43374780305
18-10-2022,45998298413
19-10-2022,47271023953
20-10-2022,46992019710
21-10-2022,44925260237
22-10-2022,40930547513
23-10-2022,35838025154
24-10-2022,41185185761
25-10-2022,45080496648
26-10-2022,42515259129
27-10-2022,50420050762
28-10-2022,45470195695
29-10-2022,44605450443
30-10-2022,35792392544
31-10-2022,35349164300
01-11-2022,42857674409
02-11-2022,42386715821
03-11-2022,34746706368
04-11-2022,39698054597
05-11-2022,40826885651
06-11-2022,36216930370
07-11-2022,39973102121
08-11-2022,46936995808
09-11-2022,42213940994
10-11-2022,38682762605
11-11-2022,53980357243
12-11-2022,74156772075
13-11-2022,36154506008
14-11-2022,33997889639
15-11-2022,45368026430
16-11-2022,38622642935
17-11-2022,37878801016
18-11-2022,51000731797
19-11-2022,54442976103
20-11-2022,42494390880
21-11-2022,40099664740
22-11-2022,46491916000
23-11-2022,48221910672
24-11-2022,44590107888
25-11-2022,35319797642
26-11-2022,34585598367
27-11-2022,34885225901
28-11-2022,28373690931
29-11-2022,37101651525
30-11-2022,32786468812
01-12-2022,40346426266
02-12-2022,47660646124
03-12-2022,38976504903
04-12-2022,33185988584
05-12-2022,29510409856
06-12-2022,46896904615
07-12-2022,44243482668
08-12-2022,37563249549
09-12-2022,34815139178
10-12-2022,43622840992
11-12-2022,31222085946
12-12-2022,35759567632
13-12-2022,38619308647
14-12-2022,34110434052
15-12-2022,32288311031
16-12-2022,46783242377
17-12-2022,32513423567
18-12-2022,32447188386
19-12-2022,31311210215
20-12-2022,37747113936
21-12-2022,32589741511
22-12-2022,33249153866
23-12-2022,43500782316
24-12-2022,34636526286
25-12-2022,32941541447
26-12-2022,33070154491
27-12-2022,36162144725
28-12-2022,33187959921
29-12-2022,60201052203
30-12-2022,66964629541
31-12-2022,44068389997
01-01-2023,40134388683
02-01-2023,47101785174
03-01-2023,45718796276
04-01-2023,43148462663
05-01-2023,49371886931
06-01-2023,61112700562
07-01-2023,51780748042
08-01-2023,46566121841
09-01-2023,63325279337
10-01-2023,57119858802
11-01-2023,42142717533
12-01-2023,45558144023
13-01-2023,56426907637
14-01-2023,48158802327
15-01-2023,36164766408
16-01-2023,40084250663
17-01-2023,41827139896
18-01-2023,39254288955
19-01-2023,36546239703
20-01-2023,39326160532
21-01-2023,29810773699
22-01-2023,27727866812
23-01-2023,32518803300
24-01-2023,31288157264
25-01-2023,29584186947
26-01-2023,32740536902
27-01-2023,34367073114
28-01-2023,32896642044
29-01-2023,32722975141
30-01-2023,27773290299
31-01-2023,35198901068
01-02-2023,39137252109
02-02-2023,25007459262
03-02-2023,25921805072
04-02-2023,23509628646
05-02-2023,20438419222
06-02-2023,25015250846
07-02-2023,21486346312
08-02-2023,23717842783
09-02-2023,25706567601
10-02-2023,30247143440
11-02-2023,22610564515
12-02-2023,17564322315
13-02-2023,18991732746
14-02-2023,26699704768
15-02-2023,21565537209
16-02-2023,20177709879
17-02-2023,17770083003
18-02-2023,19632223107
19-02-2023,17130541557
20-02-2023,15324301169
21-02-2023,21104009514
22-02-2023,17006433272
23-02-2023,18961716076
24-02-2023,18616048626
25-02-2023,18341465837
26-02-2023,17273093144
27-02-2023,14560870760
28-02-2023,16460547078
01-03-2023,15735797744
02-03-2023,15971550355
03-03-2023,16338916796
04-03-2023,13078970999
05-03-2023,12290528515
06-03-2023,12903406143
07-03-2023,17889263252
08-03-2023,13839652595
09-03-2023,19702359883
10-03-2023,18000702524
11-03-2023,16860035605
12-03-2023,13249910444
13-03-2023,14452361907
14-03-2023,17519821266
15-03-2023,18085038362
16-03-2023,15844731575
17-03-2023,15713967523
18-03-2023,13944570749
19-03-2023,12252601475
20-03-2023,12939002784
21-03-2023,13755604146
22-03-2023,18069581956
23-03-2023,16532254884
24-03-2023,18146399002
25-03-2023,16552768325
26-03-2023,16610070933
27-03-2023,20507998997
28-03-2023,35359749590
29-03-2023,28766551142
30-03-2023,24617249715
31-03-2023,22857247901
01-04-2023,23160469766
02-04-2023,26075670303
03-04-2023,27410067336
04-04-2023,20271713443
05-04-2023,21250197042
06-04-2023,24411254471
07-04-2023,23400740340
08-04-2023,23132312867
09-04-2023,17572057837
10-04-2023,17489608833
11-04-2023,26114112569
12-04-2023,27039782640
13-04-2023,25064548486
14-04-2023,27522199497
15-04-2023,24237958589
16-04-2023,23354924400
17-04-2023,20583375490
18-04-2023,28227687027
19-04-2023,26043227672
20-04-2023,24502851117
21-04-2023,20175242945
22-04-2023,23762425999
23-04-2023,20224191306
24-04-2023,18482062658
25-04-2023,20681511755
26-04-2023,26301509932
27-04-2023,22466660958
28-04-2023,23240415076
29-04-2023,19807127588
30-04-2023,17485597759
01-05-2023,19760127945
02-05-2023,22285928250
03-05-2023,27311555343
04-05-2023,28037405299
05-05-2023,31927261555
06-05-2023,29965130374
07-05-2023,44916565292
08-05-2023,37071460174
09-05-2023,33703098409
10-05-2023,33430927462
11-05-2023,24128292755
12-05-2023,54406443211
13-05-2023,45201121775
14-05-2023,36750077324
15-05-2023,36506852789
16-05-2023,35453581940
17-05-2023,32509451925
18-05-2023,30769986455
19-05-2023,38151810523
20-05-2023,26341903912
21-05-2023,22764204008
22-05-2023,24699523788
23-05-2023,28884999244
24-05-2023,23621787804
25-05-2023,23788661867
26-05-2023,47144380902
27-05-2023,39348590957
28-05-2023,46852525493
29-05-2023,53745972818
30-05-2023,47762394731
31-05-2023,46582396602
01-06-2023,44171073700
02-06-2023,40023134100
03-06-2023,48661453918
04-06-2023,44660271563
05-06-2023,71251776995
06-06-2023,47537578009
07-06-2023,42623695307
08-06-2023,37799458436
09-06-2023,63314794397
10-06-2023,22799117613
11-06-2023,22877978588
12-06-2023,19968627060
13-06-2023,26163972642
14-06-2023,24241420251
15-06-2023,24103426719
16-06-2023,24487233058
17-06-2023,25635480772
18-06-2023,19130430174
19-06-2023,18283314340
20-06-2023,23860769928
21-06-2023,30915821592
22-06-2023,43414712626
23-06-2023,34729759598
24-06-2023,28974975003
25-06-2023,24542317940
26-06-2023,24406920575
27-06-2023,29461458313
28-06-2023,33749878156
29-06-2023,35867318895
30-06-2023,56499499598
01-07-2023,30581485201
02-07-2023,30306464719
03-07-2023,24453857900
04-07-2023,30771455468
05-07-2023,29869951617
06-07-2023,35116364962
07-07-2023,40856321439
08-07-2023,39837841971
09-07-2023,35024953706
10-07-2023,26632075029
11-07-2023,34149115566
12-07-2023,25574938143
13-07-2023,29772374934
14-07-2023,34175758344
15-07-2023,31599492172
16-07-2023,27481710135
17-07-2023,23653867583
18-07-2023,31526766675
19-07-2023,39006849170
20-07-2023,49064800278
21-07-2023,36985055355
22-07-2023,36992873940
23-07-2023,39650210707
24-07-2023,41280434226
25-07-2023,42741112308
26-07-2023,51469565009
27-07-2023,43710357371
28-07-2023,61396835737
29-07-2023,38886494645
30-07-2023,32601040734
31-07-2023,31133957704
01-08-2023,47728480399
02-08-2023,49633658712
03-08-2023,37387697139
04-08-2023,31930317405
05-08-2023,33872388058
06-08-2023,27242455064
07-08-2023,25293775714
08-08-2023,26896357742
09-08-2023,31692288756
10-08-2023,34420373071
11-08-2023,25547132265
12-08-2023,27919640985
13-08-2023,21752580802
14-08-2023,25450468637
15-08-2023,22473997681
16-08-2023,26741982541
17-08-2023,44409011479
18-08-2023,71378606374
19-08-2023,40387896275
20-08-2023,38487546580
21-08-2023,37844228422
22-08-2023,45852713981
23-08-2023,44171632681
24-08-2023,51146161904
25-08-2023,41080759713
26-08-2023,42068395846
27-08-2023,48332647295
28-08-2023,66479895605
29-08-2023,49056742893
30-08-2023,45265946774
31-08-2023,51287442704
01-09-2023,46754964848
02-09-2023,40730301359
03-09-2023,67865420765
04-09-2023,78665235202
05-09-2023,81163475344
06-09-2023,67547324782
07-09-2023,75289433811
08-09-2023,84762141031
09-09-2023,88107519480
10-09-2023,61984162837
11-09-2023,79980747690
12-09-2023,1.23321E+11
13-09-2023,74773277909
14-09-2023,69364315979
15-09-2023,63615990033
16-09-2023,67760757881
17-09-2023,57706187875
18-09-2023,52359854336
19-09-2023,49511702429
20-09-2023,57244195486
21-09-2023,66834573161
22-09-2023,75643067688
23-09-2023,77207272511
24-09-2023,48354737975
25-09-2023,48643830599
26-09-2023,59897054838
27-09-2023,60255421470
28-09-2023,62576762015
29-09-2023,76517157706
30-09-2023,1.17895E+11
01-10-2023,65141828798
02-10-2023,52754542671
03-10-2023,61400400660
04-10-2023,63088585433
05-10-2023,61166818159
06-10-2023,68838074392
07-10-2023,58598066402
08-10-2023,71326033653
09-10-2023,65500641143
10-10-2023,1.01467E+11
11-10-2023,91809846886
12-10-2023,87301089896
13-10-2023,81388911810
14-10-2023,76555041196
15-10-2023,70250456155
16-10-2023,71248675228
17-10-2023,77069903166
18-10-2023,77049582886
19-10-2023,80820545404
20-10-2023,52054723579
21-10-2023,63495496918
22-10-2023,68145460026
23-10-2023,51897585191
24-10-2023,92052420332
25-10-2023,1.06102E+11
26-10-2023,63695521388
27-10-2023,54506565949
28-10-2023,3.50968E+11
29-10-2023,45910946382
30-10-2023,53443887451
31-10-2023,53891300112
01-11-2023,47530897720
02-11-2023,53220811975
03-11-2023,52343816680
04-11-2023,48625928883
05-11-2023,34363564661
06-11-2023,43137459378
07-11-2023,48597428048
08-11-2023,50912227385
09-11-2023,57295577614
10-11-2023,56772343595
11-11-2023,55689944702
12-11-2023,60669829814
13-11-2023,43901225564
14-11-2023,66419369890
15-11-2023,59749798599
16-11-2023,60258313191
17-11-2023,55746041000
18-11-2023,49063873786
19-11-2023,50361731222
20-11-2023,51943414539
21-11-2023,56521454974
22-11-2023,56435023914
23-11-2023,70567223787
24-11-2023,67999812841
25-11-2023,56652197978
26-11-2023,47266542233
27-11-2023,47686580918
28-11-2023,57625587027
29-11-2023,54414116432
30-11-2023,65520826225
01-12-2023,61669163792
02-12-2023,58727860620
03-12-2023,59641344484
04-12-2023,50749662970
05-12-2023,60706272115
06-12-2023,66058027988
07-12-2023,75645303584
08-12-2023,53053855641
09-12-2023,46655208546
10-12-2023,58238470525
11-12-2023,46280252580
12-12-2023,51828688519
13-12-2023,69983454362
14-12-2023,77451779687
15-12-2023,60954381579
16-12-2023,84293007468
17-12-2023,66138759198
18-12-2023,97468872758
19-12-2023,65344865159
20-12-2023,67849323955
21-12-2023,54926612466
22-12-2023,74798630778
23-12-2023,86668667320
24-12-2023,49014494781
25-12-2023,46117114240
26-12-2023,58284039825
27-12-2023,49448222757
28-12-2023,48000572955
29-12-2023,46088929780
30-12-2023,52395931985
31-12-2023,42836427360
01-01-2024,38177405335
02-01-2024,51713139031
03-01-2024,68564706967
04-01-2024,69241316747
05-01-2024,69523285106
06-01-2024,68434023376
07-01-2024,65382980634
08-01-2024,65906690347
09-01-2024,71776546298
10-01-2024,61308396325
11-01-2024,75215403907
12-01-2024,96721152926
13-01-2024,55737497453
14-01-2024,59161047474
15-01-2024,64047871555
16-01-2024,74903638450
17-01-2024,56187365084
18-01-2024,1.26358E+11
19-01-2024,88281943359
20-01-2024,82051616861
21-01-2024,57377273240
22-01-2024,78469274361
23-01-2024,67359584098
24-01-2024,56211915803
25-01-2024,51346735160
26-01-2024,43210968721
27-01-2024,55200191952
28-01-2024,45231013335
29-01-2024,31646080921
30-01-2024,39009847639
31-01-2024,34639423297
01-02-2024,33070867190
02-02-2024,35460750427
03-02-2024,41831090187
04-02-2024,35959473399
05-02-2024,28913440585
06-02-2024,33683936663
07-02-2024,49902050442
08-02-2024,53972919008
09-02-2024,43576032854
10-02-2024,38699736985
11-02-2024,37924228550
12-02-2024,40669112838
13-02-2024,43148914673
14-02-2024,46420149185
15-02-2024,39211635100
16-02-2024,37096670047
17-02-2024,36200887275
18-02-2024,31207279719
19-02-2024,36664034054
20-02-2024,52809038594
21-02-2024,58964353058
22-02-2024,46317108925
23-02-2024,33123368116
24-02-2024,40230904226
25-02-2024,38585385521
26-02-2024,35511640894
27-02-2024,33892523752
28-02-2024,37901460044
29-02-2024,34059036099
01-03-2024,37838957079
02-03-2024,38728974942
03-03-2024,24383958643
04-03-2024,24924307911
05-03-2024,26721554282
06-03-2024,26501259870
07-03-2024,24796027477
08-03-2024,29910396946
09-03-2024,27436021028
10-03-2024,22971873468
11-03-2024,20108729370
12-03-2024,24321499537
13-03-2024,19120856669
14-03-2024,21376531210
15-03-2024,21300524237
16-03-2024,23699476918
17-03-2024,18895018942
18-03-2024,18787986667
19-03-2024,20434789545
20-03-2024,23148267245
21-03-2024,28203024559
22-03-2024,19555230518
23-03-2024,22552046192
24-03-2024,21664706865
25-03-2024,20856685287
26-03-2024,51022126212
27-03-2024,35097370560
28-03-2024,38702404695
29-03-2024,27167146027
30-03-2024,33072782960
31-03-2024,25802845343
01-04-2024,26688438115
02-04-2024,25595265436
03-04-2024,26189830450
04-04-2024,25372562724
05-04-2024,35185031017
06-04-2024,38226483046
07-04-2024,40030862141
08-04-2024,36302664750
09-04-2024,38734079049
10-04-2024,33546019517
11-04-2024,34319709073
12-04-2024,33723620826
13-04-2024,31744259539
14-04-2024,31211354442
15-04-2024,30988958446
16-04-2024,32776876610
17-04-2024,33451362600
18-04-2024,32194123075
19-04-2024,37204312299
20-04-2024,34706867452
21-04-2024,40585205312
22-04-2024,25370975378
23-04-2024,34305053719
24-04-2024,35361168834
25-04-2024,32646349931
26-04-2024,32666549568
27-04-2024,34511076995
28-04-2024,28568103401
29-04-2024,25889650240
30-04-2024,31847007016
01-05-2024,34730363427
02-05-2024,39139399125
03-05-2024,39508070319
04-05-2024,43206179619
05-05-2024,37471327794
06-05-2024,30322676319
07-05-2024,38884105426
08-05-2024,65210059683
09-05-2024,49007762488
10-05-2024,38672657013
11-05-2024,39154666597
12-05-2024,34499835245
13-05-2024,27881980161
14-05-2024,40969943253
15-05-2024,38652152880
16-05-2024,30484496466
17-05-2024,31764293754
18-05-2024,28727713711
19-05-2024,28575630451
20-05-2024,26967722648
21-05-2024,43909845642
22-05-2024,48701090088
23-05-2024,38139709246
24-05-2024,34244064430
25-05-2024,42839345714
26-05-2024,31604717236
27-05-2024,30661222077
28-05-2024,30980029059
29-05-2024,30214940550
30-05-2024,30602359905
31-05-2024,31141681925
01-06-2024,42850641582
02-06-2024,30614346492
03-06-2024,26638115879
04-06-2024,33383173002
05-06-2024,35873904236
06-06-2024,49034730168
07-06-2024,36807860413
08-06-2024,34800873924
09-06-2024,32491211414
10-06-2024,39527792364
11-06-2024,42637331698
12-06-2024,41083758949
13-06-2024,41684252783
14-06-2024,36615791366
15-06-2024,51780081801
16-06-2024,34250964237
17-06-2024,29032367511
18-06-2024,38055562075
19-06-2024,40471196346
20-06-2024,40788955582
21-06-2024,45908121370
22-06-2024,38434082775
23-06-2024,26882546034
24-06-2024,27316183882
25-06-2024,31064911614
26-06-2024,34878965587
27-06-2024,43657076893
28-06-2024,45257083247
29-06-2024,36856881767
30-06-2024,32157938616
01-07-2024,32241199927
02-07-2024,36150572843
03-07-2024,37746665647
04-07-2024,36124731509
05-07-2024,32615846901
06-07-2024,30605102446
07-07-2024,29094934221
08-07-2024,24726754302
09-07-2024,41125608330
10-07-2024,42357991721
11-07-2024,48730828378
12-07-2024,35880633236
13-07-2024,36084893887
14-07-2024,30474228777
15-07-2024,25122092191
16-07-2024,30558763548
17-07-2024,46844335592
18-07-2024,39178392930
19-07-2024,41388338699
20-07-2024,38702407772
21-07-2024,30624264863
22-07-2024,26123447605
23-07-2024,35036121783
24-07-2024,37485803899
25-07-2024,36635566789
26-07-2024,34284016248
27-07-2024,41810748221
28-07-2024,30560857714
29-07-2024,28116886357
30-07-2024,32370840356
31-07-2024,36708594618
01-08-2024,36858195307
02-08-2024,32379968686
03-08-2024,39789134215
04-08-2024,61385677469
05-08-2024,37198201161
06-08-2024,37707308001
07-08-2024,33676814852
08-08-2024,28479699446
09-08-2024,29603577251
10-08-2024,30966005122
11-08-2024,25775869261
12-08-2024,21939223599
13-08-2024,32166727776
14-08-2024,34638619079
15-08-2024,36541828520
16-08-2024,27268150947
17-08-2024,32902725329
18-08-2024,26098292690
19-08-2024,25154053861
20-08-2024,30961902129
21-08-2024,27055803928
22-08-2024,24447979559
23-08-2024,28223878108
24-08-2024,24367912228
25-08-2024,19030650914
26-08-2024,20964372926
27-08-2024,24324345758
28-08-2024,33430376883
29-08-2024,30049226299
30-08-2024,26686491018
31-08-2024,36974172400
01-09-2024,24582667004
02-09-2024,27951569547
03-09-2024,33071628362
04-09-2024,42494677905
05-09-2024,36851084859
06-09-2024,30208048289
07-09-2024,84196607520
08-09-2024,28066355845
09-09-2024,21294384372
10-09-2024,32104232331
11-09-2024,26327648900
12-09-2024,33499938689
13-09-2024,47691135082
14-09-2024,23577403399
15-09-2024,18371348298
16-09-2024,17902097845
17-09-2024,21690904261
18-09-2024,22417209227
19-09-2024,23091543258
20-09-2024,20382033940
21-09-2024,43011992031
22-09-2024,39714385405
23-09-2024,26017975951
24-09-2024,41856658597
25-09-2024,26428189594
26-09-2024,31324598034
27-09-2024,25041426629
28-09-2024,22238830523
29-09-2024,17194183075
30-09-2024,14643548444
01-10-2024,20734730465
02-10-2024,20288500328
03-10-2024,19155189416
04-10-2024,18591534769
05-10-2024,29412210792
06-10-2024,19652846215
07-10-2024,16142097334
08-10-2024,28641855926
09-10-2024,33079398868
10-10-2024,23245887300
11-10-2024,32142048537
12-10-2024,26954925781
13-10-2024,18152390304
14-10-2024,14741589015
15-10-2024,20827783012
16-10-2024,22721659051
17-10-2024,19792547657
18-10-2024,26246662813
19-10-2024,23310007704
20-10-2024,22263900160
